{
  "project_info": {
    "project_number": "1089324493663",
    "project_id": "msa2-7028f",
    "storage_bucket": "msa2-7028f.appspot.com"
  },
  "client": [
    {
      "client_info": {
        "mobilesdk_app_id": "1:1089324493663:android:e58f4c6f4e359492a864ea",
        "android_client_info": {
          "package_name": "com.example.msa2"
        }
      },
      "oauth_client": [
        {
          "client_id": "1089324493663-lm2gmdhb6irk9385nl4ahjldjur0psjb.apps.googleusercontent.com",
          "client_type": 3
        }
      ],
      "api_key": [
        {
          "current_key": "AIzaSyBkBy8XSMwF7_Lp-8e-blCZKsv_NXilk-E"
        }
      ],
      "services": {
        "appinvite_service": {
          "other_platform_oauth_client": [
            {
              "client_id": "1089324493663-lm2gmdhb6irk9385nl4ahjldjur0psjb.apps.googleusercontent.com",
              "client_type": 3
            }
          ]
        }
      }
    }
  ],
  "configuration_version": "1"
}